player_name,team_name,position,old_price,new_price,price_diff,holdet_is_out,new_is_out
Alexander Isak,Sverige,FWD,5000000,5392000,392000,False,False
Kai Havertz,Tyskland,FWD,5500000,5877000,377000,False,False
Yasin Ayari,Sverige,MID,3500000,3874000,374000,False,False
Nico Schlotterbeck,Tyskland,DEF,4000000,4319000,319000,False,False
Nathaniel Brown,Tyskland,DEF,2500000,2809000,309000,False,False
Deniz Undav,Tyskland,FWD,3500000,3807000,307000,False,False
Viktor Gyökeres,Sverige,FWD,6000000,6269000,269000,False,False
Virgil van Dijk,Holland,DEF,5000000,5257000,257000,False,False
Felix Nmecha,Tyskland,MID,3000000,3244000,244000,False,False
Amad Diallo,Elfenbenskysten,FWD,3500000,3717000,217000,False,False
Jamal Musiala,Tyskland,MID,6500000,6714000,214000,False,False
Joshua Kimmich,Tyskland,MID,5000000,5204000,204000,False,False
Mattias Svanberg,Sverige,MID,2500000,2702000,202000,False,False
Daichi Kamada,Japan,MID,3500000,3686000,186000,False,False
Keito Nakamura,Japan,MID,3000000,3166000,166000,False,False
Crysencio Summerville,Holland,MID,3000000,3154000,154000,False,False
Florian Wirtz,Tyskland,MID,7500000,7654000,154000,False,False
Wilfried Stephane Singo,Elfenbenskysten,DEF,2500000,2652000,152000,False,False
Omar Rekik,Tunesien,DEF,2000000,2144000,144000,False,False
Ryan Gravenberch,Holland,MID,3500000,3644000,144000,False,False
Livano Comenencia,Curaçao,DEF,2500000,2628000,128000,False,False
Yahia Fofana,Elfenbenskysten,GK,3000000,3122000,122000,False,False
Lucas Bergvall,Sverige,MID,2500000,2612000,112000,False,False
Aleksandar Pavlovic,Tyskland,MID,3500000,3604000,104000,False,False
Manuel Neuer,Tyskland,GK,5000000,5099000,99000,False,False
Leroy Sane,Tyskland,FWD,5500000,5594000,94000,False,False
Emmanuel Agbadou,Elfenbenskysten,DEF,2500000,2592000,92000,False,False
Ghislain Konan,Elfenbenskysten,DEF,2500000,2592000,92000,False,False
Koki Ogawa,Japan,FWD,4000000,4082000,82000,False,False
Kristoffer Nordfeldt,Sverige,GK,4000000,4079000,79000,False,False
Yan Diomande,Elfenbenskysten,FWD,3000000,3075000,75000,False,False
Gustaf Lagerbielke,Sverige,DEF,3000000,3074000,74000,False,False
Isak Hien,Sverige,DEF,2500000,2574000,74000,False,False
Jonathan Tah,Tyskland,DEF,4500000,4574000,74000,False,False
Victor Lindelöf,Sverige,DEF,3000000,3074000,74000,False,False
Takefusa Kubo,Japan,MID,4000000,4066000,66000,False,False
Alexander Bernhardsson,Sverige,MID,2000000,2064000,64000,False,False
David Raum,Tyskland,DEF,4500000,4562000,62000,False,False
Guela Doue,Elfenbenskysten,DEF,3000000,3062000,62000,False,False
Benjamin Nygren,Sverige,FWD,3000000,3054000,54000,False,False
Gabriel Gudmundsson,Sverige,DEF,3000000,3054000,54000,False,False
Jesper Karlström,Sverige,MID,3000000,3054000,54000,False,False
Antonio Rüdiger,Tyskland,DEF,4500000,4552000,52000,False,False
Elliot Stroud,Sverige,DEF,2000000,2052000,52000,False,False
Leon Goretzka,Tyskland,MID,4500000,4552000,52000,False,False
Donyell Malen,Holland,FWD,4500000,4544000,44000,False,False
Ange-Yoan Bonny,Elfenbenskysten,FWD,2500000,2542000,42000,False,False
Anthony Elanga,Sverige,FWD,3500000,3542000,42000,False,False
Christ Inao Oulaï,Elfenbenskysten,MID,2000000,2042000,42000,False,False
Daniel Svensson,Sverige,DEF,3000000,3042000,42000,False,False
Elye Wahi,Elfenbenskysten,FWD,2500000,2542000,42000,False,False
Ibrahim Sangare,Elfenbenskysten,MID,3000000,3042000,42000,False,False
Odilon Kossounou,Elfenbenskysten,DEF,2500000,2542000,42000,False,False
Waldemar Anton,Tyskland,DEF,3500000,3542000,42000,False,False
Zion Suzuki,Japan,GK,4000000,4036000,36000,False,False
Cody Gakpo,Holland,FWD,6500000,6534000,34000,False,False
Bazoumana Toure,Elfenbenskysten,FWD,2000000,2032000,32000,False,False
Nicolas Pepe,Elfenbenskysten,FWD,2500000,2532000,32000,False,False
Yukinari Sugawara,Japan,DEF,3500000,3532000,32000,False,False
Hannibal Mejbri,Tunesien,MID,3000000,3029000,29000,False,False
Jan Paul van Hecke,Holland,DEF,3000000,3026000,26000,False,False
Tijjani Reijnders,Holland,MID,6000000,6024000,24000,False,False
Franck Kessie,Elfenbenskysten,MID,3000000,3022000,22000,False,False
Junya Ito,Japan,MID,3500000,3522000,22000,False,False
Kento Shiogai,Japan,FWD,2500000,2522000,22000,False,False
Seko Fofana,Elfenbenskysten,MID,2500000,2522000,22000,False,False
Takehiro Tomiyasu,Japan,DEF,2000000,2022000,22000,False,False
Bart Verbruggen,Holland,GK,4500000,4521000,21000,False,False
Denzel Dumfries,Holland,DEF,5000000,5016000,16000,False,False
Frenkie de Jong,Holland,MID,3000000,3016000,16000,False,False
Hiroki Ito,Japan,DEF,2500000,2516000,16000,False,False
Kaishu Sano,Japan,MID,2500000,2516000,16000,False,False
Shogo Taniguchi,Japan,DEF,3000000,3016000,16000,False,False
Ayase Ueda,Japan,FWD,5500000,5506000,6000,False,False
Daizen Maeda,Japan,FWD,2500000,2506000,6000,False,False
Hernan Galindez,Ecuador,GK,3500000,3506000,6000,False,False
Ritsu Doan,Japan,MID,4000000,4006000,6000,False,False
Tsuyoshi Watanabe,Japan,DEF,3000000,3006000,6000,False,False
Brian Brobbey,Holland,FWD,2500000,2504000,4000,False,False
Nathan Ake,Holland,DEF,3500000,3504000,4000,False,False
Quinten Timber,Holland,MID,3000000,3004000,4000,False,False
Teun Koopmeiners,Holland,MID,3500000,3504000,4000,False,False
Gonzalo Plata,Ecuador,MID,3500000,3501000,1000,False,False
Alan Franco,Ecuador,MID,2500000,2499000,-1000,False,False
Alan Minda,Ecuador,MID,3000000,2999000,-1000,False,False
Enner Valencia,Ecuador,FWD,4000000,3999000,-1000,False,False
John Yeboah,Ecuador,MID,3000000,2999000,-1000,False,False
Micky van de Ven,Holland,DEF,4000000,3996000,-4000,False,False
Adem Arous,Tunesien,DEF,2000000,1995000,-5000,False,False
Alban Lafont,Elfenbenskysten,GK,2500000,2495000,-5000,False,False
Alexander Nübel,Tyskland,GK,4500000,4495000,-5000,False,False
Angelo Stiller,Tyskland,MID,2500000,2495000,-5000,False,False
Anthony Valencia,Ecuador,FWD,2000000,1995000,-5000,False,False
Ao Tanaka,Japan,MID,2500000,2495000,-5000,False,False
Ar'jany Martha,Curaçao,FWD,2000000,1995000,-5000,False,False
Assan Ouedraogo,Tyskland,MID,3000000,2995000,-5000,False,False
Aymen Dahmen,Tunesien,GK,3000000,2995000,-5000,False,False
Ayumu Seko,Japan,DEF,2500000,2495000,-5000,False,False
Besfort Zeneli,Sverige,MID,2000000,1995000,-5000,False,False
Brandley Kuwas,Curaçao,FWD,2000000,1995000,-5000,False,False
Carl Starfelt,Sverige,DEF,2500000,2495000,-5000,False,False
Christopher Operi,Elfenbenskysten,DEF,2000000,1995000,-5000,False,False
Denil Castillo,Ecuador,MID,2500000,2495000,-5000,False,False
Dylan Bronn,Tunesien,DEF,2500000,2495000,-5000,False,False
Eric Smith,Sverige,DEF,2000000,1995000,-5000,False,False
Evan N'Dicka,Elfenbenskysten,DEF,2500000,2495000,-5000,False,False
Evann Guessand,Elfenbenskysten,FWD,3000000,2995000,-5000,False,False
Felix 'Feliz' Torres,Ecuador,DEF,3000000,2995000,-5000,False,False
Godfried Roemeratoe,Curaçao,MID,2000000,1995000,-5000,False,False
Gonzalo Valle,Ecuador,GK,3000000,2995000,-5000,False,False
Gustaf Nilsson,Sverige,FWD,2000000,1995000,-5000,False,False
Guus Til,Holland,MID,2500000,2495000,-5000,False,False
Hazem Mastouri,Tunesien,FWD,3500000,3495000,-5000,False,False
Herman Johansson,Sverige,MID,2500000,2495000,-5000,False,False
Hjalmar Ekdal,Sverige,DEF,2000000,1995000,-5000,False,False
Jacob Widell Zetterström,Sverige,GK,3500000,3495000,-5000,False,False
Jamie Leweling,Tyskland,MID,3000000,2995000,-5000,False,False
Jean Michael Seri,Elfenbenskysten,MID,2500000,2495000,-5000,False,False
Jeremy Arevalo,Ecuador,FWD,2000000,1995000,-5000,False,False
Jordy Alcivar,Ecuador,MID,2000000,1995000,-5000,False,False
Jordy Caicedo,Ecuador,FWD,2500000,2495000,-5000,False,False
Jorrel Hato,Holland,DEF,2500000,2495000,-5000,False,False
Joshua Brenet,Curaçao,DEF,2500000,2495000,-5000,False,False
Junnosuke Suzuki,Japan,DEF,2500000,2495000,-5000,False,False
Jurien Gaari,Curaçao,DEF,2500000,2495000,-5000,False,False
Justin Kluivert,Holland,MID,2500000,2495000,-5000,False,False
Keisuke Goto,Japan,FWD,2500000,2495000,-5000,False,False
Keisuke Osako,Japan,GK,3500000,3495000,-5000,False,False
Ken Sema,Sverige,MID,2500000,2495000,-5000,False,False
Kendry Paez,Ecuador,MID,3000000,2995000,-5000,False,False
Kenji Gorre,Curaçao,FWD,2500000,2495000,-5000,False,False
Kevin Felida,Curaçao,MID,2000000,1995000,-5000,False,False
Khalil Ayari,Tunesien,MID,2000000,1995000,-5000,False,False
Ko Itakura,Japan,DEF,2000000,1995000,-5000,False,False
Lutsharel Geertruida,Holland,DEF,2500000,2495000,-5000,False,False
Malick Thiaw,Tyskland,DEF,3000000,2995000,-5000,False,False
Mark Flekken,Holland,GK,4000000,3995000,-5000,False,False
Marten de Roon,Holland,MID,2500000,2495000,-5000,False,False
Mats Wieffer,Holland,MID,2500000,2495000,-5000,False,False
Maximilian Beier,Tyskland,FWD,2500000,2495000,-5000,False,False
Mohamed 'Hadj' Mahmoud,Tunesien,MID,2000000,1995000,-5000,False,False
Mohamed Kone,Elfenbenskysten,GK,3000000,2995000,-5000,False,False
Moises Ramirez,Ecuador,GK,2500000,2495000,-5000,False,False
Mortadha Ben Ouanes,Tunesien,MID,2000000,1995000,-5000,False,False
Moutaz Neffati,Tunesien,DEF,2000000,1995000,-5000,False,False
Nadiem Amiri,Tyskland,MID,2500000,2495000,-5000,False,False
Nick Woltemade,Tyskland,FWD,6000000,5995000,-5000,False,False
Noa Lang,Holland,FWD,3000000,2995000,-5000,False,False
Oliver Baumann,Tyskland,GK,5000000,4995000,-5000,False,False
Oumar Diakite,Elfenbenskysten,FWD,2500000,2495000,-5000,False,False
Ousmane Diomande,Elfenbenskysten,DEF,2500000,2495000,-5000,False,False
Parfait Guiagon,Elfenbenskysten,MID,2000000,1995000,-5000,False,False
Pascal Gross,Tyskland,MID,3000000,2995000,-5000,False,False
Pervis Estupinan,Ecuador,DEF,3500000,3495000,-5000,False,False
Raed Chikhaoui,Tunesien,DEF,2000000,1995000,-5000,False,False
Rayan Elloumi,Tunesien,FWD,2000000,1995000,-5000,False,False
Robin Roefs,Holland,GK,3500000,3495000,-5000,False,False
Roshon van Eijma,Curaçao,DEF,2500000,2495000,-5000,False,False
Sabri Ben Hessen,Tunesien,GK,2500000,2495000,-5000,False,False
Shurandy Sambo,Curaçao,DEF,2000000,1995000,-5000,False,False
Shuto Machino,Japan,FWD,2500000,2495000,-5000,False,False
Simon Adingra,Elfenbenskysten,FWD,2500000,2495000,-5000,False,False
Sontje Hansen,Curaçao,FWD,2000000,1995000,-5000,False,False
Taha Abdi Ali,Sverige,MID,2000000,1995000,-5000,False,False
Tomoki Hayakawa,Japan,GK,3500000,3495000,-5000,False,False
Trevor Doornbusch,Curaçao,GK,2500000,2495000,-5000,False,False
Tyrese Noslin,Curaçao,MID,2000000,1995000,-5000,False,False
Tyrick Bodak,Curaçao,GK,2500000,2495000,-5000,False,False
Viktor Johansson,Sverige,GK,3500000,3495000,-5000,False,False
Wout Weghorst,Holland,FWD,3000000,2995000,-5000,False,False
Yaimar Medina,Ecuador,MID,2000000,1995000,-5000,False,False
Yuito Suzuki,Japan,FWD,2500000,2495000,-5000,False,False
Yuto Nagatomo,Japan,DEF,2000000,1995000,-5000,False,False
Elias Achouri,Tunesien,MID,3500000,3493000,-7000,False,False
Angelo Preciado,Ecuador,DEF,3000000,2991000,-9000,False,False
Gervane Kastaneer,Curaçao,FWD,2500000,2491000,-9000,False,False
Joel Ordonez,Ecuador,DEF,2500000,2491000,-9000,False,False
Kevin Rodriguez,Ecuador,FWD,3000000,2991000,-9000,False,False
Moises Caicedo,Ecuador,MID,3000000,2991000,-9000,False,False
Nilson Angulo,Ecuador,FWD,2000000,1991000,-9000,False,False
Pedro Vite,Ecuador,MID,2500000,2491000,-9000,False,False
Piero Hincapie,Ecuador,DEF,3500000,3491000,-9000,False,False
Willian Pacho,Ecuador,DEF,3000000,2991000,-9000,False,False
Anis Ben Slimane,Tunesien,MID,2500000,2485000,-15000,False,False
Elias Saad,Tunesien,MID,2500000,2485000,-15000,False,False
Ellyes Skhiri,Tunesien,MID,2500000,2485000,-15000,False,False
Yan Valery,Tunesien,DEF,2500000,2485000,-15000,False,False
Memphis Depay,Holland,FWD,4000000,3984000,-16000,False,False
Firas Chaouat,Tunesien,FWD,2500000,2483000,-17000,False,False
Ismael Gharbi,Tunesien,MID,2500000,2483000,-17000,False,False
Sebastian Tounekti,Tunesien,MID,2000000,1983000,-17000,False,False
Jürgen Locadia,Curaçao,FWD,2000000,1977000,-23000,False,False
Jearl Margaritha,Curaçao,FWD,3000000,2975000,-25000,False,False
Abdelmouhib Chamakh,Tunesien,GK,2500000,2474000,-26000,False,False
Eloy Room,Curaçao,GK,2500000,2473000,-27000,False,False
Jackson Porozo,Ecuador,DEF,2000000,1971000,-29000,False,False
Ali Abdi,Tunesien,DEF,3000000,2969000,-31000,False,False
Mohamed Amine Ben Hamida,Tunesien,DEF,2500000,2469000,-31000,False,False
Montassar Talbi,Tunesien,DEF,3000000,2969000,-31000,False,False
Jeremy Antonisse,Curaçao,FWD,2000000,1967000,-33000,False,False
Rani Khedira,Tunesien,MID,3000000,2965000,-35000,False,False
Tahith Chong,Curaçao,MID,2000000,1961000,-39000,False,False
Armando Obispo,Curaçao,DEF,2000000,1953000,-47000,False,False
Deveron Fonville,Curaçao,DEF,2000000,1953000,-47000,False,False
Juninho Bacuna,Curaçao,MID,3000000,2953000,-47000,False,False
Leandro Bacuna,Curaçao,MID,2500000,2453000,-47000,False,False
Riechedly Bazoer,Curaçao,DEF,2000000,1953000,-47000,False,False
Sherel Floranus,Curaçao,DEF,2500000,2453000,-47000,False,False
