player_name,team_id,player_id,odds,bookmaker,market,updated_at,source,notes
Kylian Mbappé,FRA,kylian_mbapp__fra,6.50,Unibet,Topscorer VM 2026,2026-05-24,manual_user_input,
Harry Kane,ENG,harry_kane__eng,8.00,Unibet,Topscorer VM 2026,2026-05-24,manual_user_input,
Lionel Messi,ARG,lionel_messi__arg,13.00,Unibet,Topscorer VM 2026,2026-05-24,manual_user_input,
Erling Haaland,NOR,erling_haaland__nor,15.00,Unibet,Topscorer VM 2026,2026-05-24,manual_user_input,
Lamine Yamal,ESP,lamine_yamal__esp,15.00,Unibet,Topscorer VM 2026,2026-05-24,manual_user_input,
Mikel Oyarzabal,ESP,mikel_oyarzabal__esp,15.00,Unibet,Topscorer VM 2026,2026-05-24,manual_user_input,
Cristiano Ronaldo,POR,cristiano_ronaldo__por,19.00,Unibet,Topscorer VM 2026,2026-05-24,manual_user_input,
Ousmane Dembélé,FRA,ousmane_demb_l__fra,21.00,Unibet,Topscorer VM 2026,2026-05-24,manual_user_input,
Lautaro Martinez,ARG,lautaro_mart_nez__arg,25.00,Unibet,Topscorer VM 2026,2026-05-24,manual_user_input,
Vinicius Junior,BRA,vinicius_j_nior__bra,25.00,Unibet,Topscorer VM 2026,2026-05-24,manual_user_input,
Romelu Lukaku,BEL,romelu_lukaku__bel,29.00,Unibet,Topscorer VM 2026,2026-05-24,manual_user_input,
Cody Gakpo,NED,cody_gakpo__ned,31.00,Unibet,Topscorer VM 2026,2026-05-24,manual_user_input,
Dani Olmo,ESP,dani_olmo__esp,31.00,Unibet,Topscorer VM 2026,2026-05-24,manual_user_input,
Darwin Núñez,URU,darwin_nunez__uru,31.00,Unibet,Topscorer VM 2026,2026-05-24,manual_user_input,
Enner Valencia,ECU,enner_valencia__ecu,31.00,Unibet,Topscorer VM 2026,2026-05-24,manual_user_input,
Jamal Musiala,GER,jamal_musiala__ger,31.00,Unibet,Topscorer VM 2026,2026-05-24,manual_user_input,
Jude Bellingham,ENG,jude_bellingham__eng,31.00,Unibet,Topscorer VM 2026,2026-05-24,manual_user_input,
Julián Alvarez,ARG,juli_n_lvarez__arg,31.00,Unibet,Topscorer VM 2026,2026-05-24,manual_user_input,
Jérémy Doku,BEL,jeremy_doku__bel,31.00,Unibet,Topscorer VM 2026,2026-05-24,manual_user_input,
Luis Diaz,COL,luis_d_az__col,31.00,Unibet,Topscorer VM 2026,2026-05-24,manual_user_input,
Luis Javier Suarez,COL,,31.00,Unibet,Topscorer VM 2026,2026-05-24,manual_user_input,not_in_current_player_pool
Nico Williams,ESP,nico_williams__esp,31.00,Unibet,Topscorer VM 2026,2026-05-24,manual_user_input,
Phil Foden,ENG,,31.00,Unibet,Topscorer VM 2026,2026-05-24,manual_user_input,not_in_current_player_pool
Rafael Leão,POR,rafael_le_o__por,31.00,Unibet,Topscorer VM 2026,2026-05-24,manual_user_input,
Sadio Mané,SEN,sadio_man__sen,31.00,Unibet,Topscorer VM 2026,2026-05-24,manual_user_input,
Bukayo Saka,ENG,bukayo_saka__eng,41.00,Unibet,Topscorer VM 2026,2026-05-24,manual_user_input,
Estêvão Willian,BRA,,41.00,Unibet,Topscorer VM 2026,2026-05-24,manual_user_input,not_in_current_player_pool
João Pedro,BRA,,41.00,Unibet,Topscorer VM 2026,2026-05-24,manual_user_input,not_in_current_player_pool
Mikel Merino,ESP,mikel_merino__esp,41.00,Unibet,Topscorer VM 2026,2026-05-24,manual_user_input,
Raphinha,BRA,raphinha__bra,41.00,Unibet,Topscorer VM 2026,2026-05-24,manual_user_input,
Richarlison,BRA,,41.00,Unibet,Topscorer VM 2026,2026-05-24,manual_user_input,not_in_current_player_pool
Alexander Isak,SWE,alexander_isak__swe,41.00,Unibet,Topscorer VM 2026,2026-05-24,manual_user_input,
Arda Güler,TUR,arda_g_ler__tur,41.00,Unibet,Topscorer VM 2026,2026-05-24,manual_user_input,
Christian Pulisic,USA,christian_pulisic__usa,41.00,Unibet,Topscorer VM 2026,2026-05-24,manual_user_input,
Cole Palmer,ENG,,41.00,Unibet,Topscorer VM 2026,2026-05-24,manual_user_input,not_in_current_player_pool
Ferran Torres,ESP,ferr_n_torres__esp,41.00,Unibet,Topscorer VM 2026,2026-05-24,manual_user_input,
Florian Wirtz,GER,florian_wirtz__ger,41.00,Unibet,Topscorer VM 2026,2026-05-24,manual_user_input,
James Rodriguez,COL,james_rodr_guez__col,41.00,Unibet,Topscorer VM 2026,2026-05-24,manual_user_input,
Jonathan David,CAN,jonathan_david__can,41.00,Unibet,Topscorer VM 2026,2026-05-24,manual_user_input,
Matheus Cunha,BRA,matheus_cunha__bra,41.00,Unibet,Topscorer VM 2026,2026-05-24,manual_user_input,
Memphis Depay,NED,memphis_depay__ned,41.00,Unibet,Topscorer VM 2026,2026-05-24,manual_user_input,
Michael Olise,FRA,michael_olise__fra,41.00,Unibet,Topscorer VM 2026,2026-05-24,manual_user_input,
Mohamed Salah,EGY,mohamed_salah__egy,41.00,Unibet,Topscorer VM 2026,2026-05-24,manual_user_input,
Mohammed Kudus,GHA,,41.00,Unibet,Topscorer VM 2026,2026-05-24,manual_user_input,not_in_current_player_pool
Raúl Jiménez,MEX,ra_l_jim_nez__mex,41.00,Unibet,Topscorer VM 2026,2026-05-24,manual_user_input,
Scott McTominay,SCO,scott_mctominay__sco,41.00,Unibet,Topscorer VM 2026,2026-05-24,manual_user_input,
Viktor Gyökeres,SWE,viktor_gyokeres__swe,41.00,Unibet,Topscorer VM 2026,2026-05-24,manual_user_input,
Alexander Sørloth,NOR,alexander_s_rloth__nor,51.00,Unibet,Topscorer VM 2026,2026-05-24,manual_user_input,
Brahim Diaz,MAR,brahim_d_az__mar,51.00,Unibet,Topscorer VM 2026,2026-05-24,manual_user_input,
Bruno Fernandes,POR,bruno_fernandes__por,51.00,Unibet,Topscorer VM 2026,2026-05-24,manual_user_input,
Donyell Malen,NED,donyell_malen__ned,51.00,Unibet,Topscorer VM 2026,2026-05-24,manual_user_input,
Désiré Doué,FRA,d_sir_dou__fra,51.00,Unibet,Topscorer VM 2026,2026-05-24,manual_user_input,
Heung-Min Son,KOR,son_heung_min__kor,51.00,Unibet,Topscorer VM 2026,2026-05-24,manual_user_input,
Kai Havertz,GER,kai_havertz__ger,51.00,Unibet,Topscorer VM 2026,2026-05-24,manual_user_input,
Kevin De Bruyne,BEL,kevin_de_bruyne__bel,51.00,Unibet,Topscorer VM 2026,2026-05-24,manual_user_input,
Leandro Trossard,BEL,leandro_trossard__bel,51.00,Unibet,Topscorer VM 2026,2026-05-24,manual_user_input,
Marcus Thuram,FRA,marcus_thuram__fra,51.00,Unibet,Topscorer VM 2026,2026-05-24,manual_user_input,
Nick Woltemade,GER,nick_woltemade__ger,51.00,Unibet,Topscorer VM 2026,2026-05-24,manual_user_input,
Nicolas Jackson,SEN,nicolas_jackson__sen,51.00,Unibet,Topscorer VM 2026,2026-05-24,manual_user_input,
Riyad Mahrez,ALG,riyad_mahrez__alg,51.00,Unibet,Topscorer VM 2026,2026-05-24,manual_user_input,
Andrej Kramaric,CRO,andrej_kramari__cro,51.00,Unibet,Topscorer VM 2026,2026-05-24,manual_user_input,
Ayase Ueda,JPN,ayase_ueda__jpn,51.00,Unibet,Topscorer VM 2026,2026-05-24,manual_user_input,
Bradley Barcola,FRA,bradley_barcola__fra,51.00,Unibet,Topscorer VM 2026,2026-05-24,manual_user_input,
Jhon Duran,COL,,51.00,Unibet,Topscorer VM 2026,2026-05-24,manual_user_input,not_in_current_player_pool
Omar Marmoush,EGY,omar_marmoush__egy,51.00,Unibet,Topscorer VM 2026,2026-05-24,manual_user_input,
Eberechi Eze,ENG,eberechi_eze__eng,67.00,Unibet,Topscorer VM 2026,2026-05-24,manual_user_input,
Gonçalo Ramos,POR,gon_alo_ramos__por,67.00,Unibet,Topscorer VM 2026,2026-05-24,manual_user_input,
Jean-Philippe Mateta,FRA,jean_philippe_mateta__fra,67.00,Unibet,Topscorer VM 2026,2026-05-24,manual_user_input,
Marcus Rashford,ENG,marcus_rashford__eng,67.00,Unibet,Topscorer VM 2026,2026-05-24,manual_user_input,
Neymar,BRA,neymar_jr__bra,67.00,Unibet,Topscorer VM 2026,2026-05-24,manual_user_input,
Pedro Neto,POR,pedro_neto__por,67.00,Unibet,Topscorer VM 2026,2026-05-24,manual_user_input,
Serge Gnabry,GER,,67.00,Unibet,Topscorer VM 2026,2026-05-24,manual_user_input,not_in_current_player_pool
Kaoru Mitoma,JPN,,81.00,Unibet,Topscorer VM 2026,2026-05-24,manual_user_input,not_in_current_player_pool
Antoine Semenyo,GHA,antoine_semenyo__gha,87.00,Unibet,Topscorer VM 2026,2026-05-24,manual_user_input,
Antonio Sanabria,PAR,antonio_sanabria__par,87.00,Unibet,Topscorer VM 2026,2026-05-24,manual_user_input,
Iqraam Rayners,RSA,,87.00,Unibet,Topscorer VM 2026,2026-05-24,manual_user_input,not_in_current_player_pool
Luka Modric,CRO,luka_modri__cro,87.00,Unibet,Topscorer VM 2026,2026-05-24,manual_user_input,
Lyle Foster,RSA,lyle_foster__rsa,87.00,Unibet,Topscorer VM 2026,2026-05-24,manual_user_input,
Takefusa Kubo,JPN,takefusa_kubo__jpn,87.00,Unibet,Topscorer VM 2026,2026-05-24,manual_user_input,
